{
  "resources": [
    "./assets/sounds/soundsAtlas/sounds_sprite.mp3"
  ],
  "spritemap": {
    "base-under-atacked": {
      "start": 0,
      "end": 1.8688208616780044,
      "loop": false
    },
    "battle-control-online": {
      "start": 3,
      "end": 4.555351473922903,
      "loop": false
    },
    "building-complete": {
      "start": 6,
      "end": 7.346371882086168,
      "loop": false
    },
    "building-selected": {
      "start": 9,
      "end": 10.973310657596372,
      "loop": false
    },
    "clockwerk": {
      "start": 12,
      "end": 14.136009070294785,
      "loop": false
    },
    "crystal_maiden": {
      "start": 16,
      "end": 18.376009070294785,
      "loop": false
    },
    "main-music": {
      "start": 20,
      "end": 243.88680272108843,
      "loop": false
    },
    "mirana": {
      "start": 245,
      "end": 246.50439909297052,
      "loop": false
    },
    "mission-fail": {
      "start": 248,
      "end": 249.16351473922902,
      "loop": false
    },
    "not-enough-gold": {
      "start": 251,
      "end": 252.05902494331065,
      "loop": false
    },
    "nuclear-missle-lauch": {
      "start": 254,
      "end": 255.99943310657596,
      "loop": false
    },
    "sold-tower": {
      "start": 257,
      "end": 258.37249433106575,
      "loop": false
    },
    "tinker": {
      "start": 260,
      "end": 261.63120181405895,
      "loop": false
    },
    "tower-upgraded": {
      "start": 263,
      "end": 264.0067800453515,
      "loop": false
    },
    "victory": {
      "start": 266,
      "end": 267.4508616780045,
      "loop": false
    }
  }
}