{
  "resources": [
    "./assets/sounds/soundsAtlas/sounds_sprite.mp3"
  ],
  "spritemap": {
    "base-under-atacked": {
      "start": 0,
      "end": 1.8688208616780044,
      "loop": false
    },
    "battle-control-online": {
      "start": 3,
      "end": 4.555351473922903,
      "loop": false
    },
    "building-complete": {
      "start": 6,
      "end": 7.346371882086168,
      "loop": false
    },
    "building-selected": {
      "start": 9,
      "end": 10.973310657596372,
      "loop": false
    },
    "main-music": {
      "start": 12,
      "end": 235.88680272108843,
      "loop": false
    },
    "mission-fail": {
      "start": 237,
      "end": 238.16351473922902,
      "loop": false
    },
    "not-enough-gold": {
      "start": 240,
      "end": 241.05902494331065,
      "loop": false
    },
    "nuclear-missle-lauch": {
      "start": 243,
      "end": 244.99943310657596,
      "loop": false
    },
    "sold-tower": {
      "start": 246,
      "end": 247.37249433106575,
      "loop": false
    },
    "tower-upgraded": {
      "start": 249,
      "end": 250.00678004535146,
      "loop": false
    },
    "victory": {
      "start": 252,
      "end": 253.45086167800454,
      "loop": false
    }
  }
}